WordPos	SenseId	Definition	Examples	WordNetId	WordNetSynonyms
add-v	1	make an addition (to); join or combine or unite with others; increase the quality, quantity, size or scope of	We added two students to that dorm room.  She added a personal note to her letter.  Add insult to injury.  Add some extra plates to the dinner table.	add%2:30:00::	add#1 (add%2:30:00::)
add-v	2	state or say further	`It doesn't matter,' he supplied.	add%2:32:01::	add#2 (add%2:32:01::), append#3 (append%2:32:00::), supply#4 (supply%2:32:00::)
add-v	3	bestow a quality on	Her presence lends a certain cachet to the company.  The music added a lot to the play.  She brings a special atmosphere to our meetings.  This adds a light note to the program.	add%2:40:00::	lend#1 (lend%2:40:01::), impart#2 (impart%2:40:01::), bestow#3 (bestow%2:40:01::), contribute#1 (contribute%2:40:01::), add#3 (add%2:40:00::), bring#8 (bring%2:40:02::)
add-v	4	make an addition by combining numbers	Add 27 and 49, please!.	add%2:31:00::	add#4 (add%2:31:00::), add together#2 (add_together%2:31:00::)
add-v	5	determine the sum of	Add all the people in this town to those of the neighboring town.	add%2:32:00::	total#2 (total%2:32:00::), tot#1 (tot%2:32:00::), tot up#1 (tot_up%2:32:00::), sum#2 (sum%2:32:00::), sum up#3 (sum_up%2:32:03::), summate#1 (summate%2:32:00::), tote up#1 (tote_up%2:32:00::), add#5 (add%2:32:00::), add together#1 (add_together%2:32:00::), tally#4 (tally%2:32:00::), add up#2 (add_up%2:32:00::)
add-v	6	constitute an addition	This paper will add to her reputation.	add%2:42:00::	add#6 (add%2:42:00::)
appear-v	1	give a certain impression or have a certain outward aspect	She seems to be sleeping.  This appears to be a very difficult problem.  This project looks fishy.  They appeared like people who had not eaten or slept for a long time.	appear%2:39:00::	look#2 (look%2:39:01::), appear#1 (appear%2:39:00::), seem#1 (seem%2:39:00::)
appear-v	2	come into sight or view	He suddenly appeared at the wedding.  A new star appeared on the horizon.	appear%2:30:00::	appear#2 (appear%2:30:00::)
appear-v	3	be issued or published	Did your latest book appear yet?.  The new Woody Allen film hasn't come out yet.	appear%2:30:01::	appear#3 (appear%2:30:01::), come out#2 (come_out%2:30:01::)
appear-v	4	seem to be true, probable, or apparent	It seems that he is very gifted.  It appears that the weather in California is very bad.	appear%2:39:01::	appear#4 (appear%2:39:01::), seem#2 (seem%2:39:01::)
appear-v	5	come into being or existence, or appear on the scene	Then the computer came along and changed our lives.  Homo sapiens appeared millions of years ago.	appear%2:30:02::	appear#5 (appear%2:30:02::), come along#1 (come_along%2:30:00::)
appear-v	6	appear as a character on stage or appear in a play, etc.	Gielgud appears briefly in this movie.  She appeared in `Hamlet' on the London stage.	appear%2:36:00::	appear#6 (appear%2:36:00::)
appear-v	7	present oneself formally, as before a (judicial) authority	He had to appear in court last month.  She appeared on several charges of theft.	appear%2:41:03::	appear#7 (appear%2:41:03::)
ask-v	1	make a request or demand for something to somebody	She asked him for a loan.	ask%2:32:01::	ask#1 (ask%2:32:01::)
ask-v	2	direct or put; seek an answer to	ask a question.	ask%2:32:02::	ask#2 (ask%2:32:02::)
ask-v	3	consider obligatory; request and expect	We require our secretary to be on time.  Aren't we asking too much of these children?.  I expect my students to arrive in time for their lessons.	ask%2:32:05::	ask#3 (ask%2:32:05::), require#2 (require%2:32:01::), expect#2 (expect%2:32:00::)
ask-v	4	address a question to and expect an answer from	Ask your teacher about trigonometry.  The children asked me about their dead grandmother.  I inquired about their special today.  He had to ask directions several times.	ask%2:32:04::	ask#4 (ask%2:32:04::), inquire#1 (inquire%2:32:01::), enquire#1 (enquire%2:32:00::)
ask-v	5	require as useful, just, or proper	It takes nerve to do what she did.  success usually requires hard work.  This job asks a lot of patience and skill.  This position demands a lot of personal sacrifice.  This dinner calls for a spectacular dessert.  This intervention does not postulate a patient's consent.	ask%2:42:00::	necessitate#1 (necessitate%2:42:00::), ask#5 (ask%2:42:00::), postulate#3 (postulate%2:42:00::), need#1 (need%2:42:00::), require#1 (require%2:42:00::), take#14 (take%2:42:00::), involve#4 (involve%2:42:07::), call for#2 (call_for%2:42:00::), demand#2 (demand%2:42:00::)
ask-v	6	make a date	Has he asked you out yet? He asekd me to a dance.	ask%2:41:00::	ask out#1 (ask_out%2:41:00::), ask#6 (ask%2:41:00::), invite out#1 (invite_out%2:41:00::), take out#5 (take_out%2:41:00::)
ask-v	7	require or ask for as a price or condition	He is asking $200 for the table.  The kidnappers are asking a million dollars in return for the release of their hostage.	ask%2:32:09::	ask#7 (ask%2:32:09::)
board-n	1	a committee having supervisory powers	the board has seven members.	board%1:14:00::	board#1 (board%1:14:00::)
board-n	2	a stout length of sawn timber; made in a wide variety of sizes and used for many purposes		board%1:27:00::	board#2 (board%1:27:00::), plank#1 (plank%1:27:00::)
board-n	3	a flat piece of material designed for a special purpose	he nailed boards across the windows.	board%1:06:00::	board#3 (board%1:06:00::)
board-n	4	food or meals in general	she sets a fine table.  room and board.	board%1:13:00::	board#4 (board%1:13:00::), table#6 (table%1:13:01::)
board-n	5	a vertical surface on which information can be displayed to public view		board%1:06:03::	display panel#1 (display_panel%1:06:00::), display board#1 (display_board%1:06:00::), board#5 (board%1:06:03::)
board-n	6	a table at which meals are served	he helped her clear the dining table.  a feast was spread upon the board.	board%1:06:01::	dining table#1 (dining_table%1:06:00::), board#6 (board%1:06:01::)
board-n	7	electrical device consisting of a flat insulated surface that contains switches and dials and meters for controlling other electrical devices	he checked the instrument panel.  suddenly the board lit up like a Christmas tree.	board%1:06:02::	control panel#1 (control_panel%1:06:00::), instrument panel#1 (instrument_panel%1:06:00::), control board#1 (control_board%1:06:00::), board#7 (board%1:06:02::), panel#8 (panel%1:06:01::)
board-n	8	a printed circuit that can be inserted into expansion slots in a computer to increase the computer's capabilities		board%1:06:04::	circuit board#1 (circuit_board%1:06:00::), circuit card#1 (circuit_card%1:06:00::), board#8 (board%1:06:04::), card#11 (card%1:06:01::), plug-in#2 (plug-in%1:06:00::), add-in#1 (add-in%1:06:00::)
board-n	9	a flat portable surface (usually rectangular) designed for board games	he got out the board and set up the pieces.	board%1:06:05::	board#9 (board%1:06:05::), gameboard#1 (gameboard%1:06:00::)
book-n	1	a written work or composition that has been published (printed on pages bound together)	I am reading a good book on economics.	book%1:10:00::	book#1 (book%1:10:00::)
book-n	2	physical objects consisting of a number of pages bound together	he used a large book as a doorstop.	book%1:06:00::	book#2 (book%1:06:00::), volume#3 (volume%1:06:00::)
book-n	3	a compilation of the known facts regarding something or someone	Al Smith used to say, `Let's look at the record'.  his name is in all the record books.	book%1:10:02::	record#5 (record%1:10:02::), record book#1 (record_book%1:10:00::), book#3 (book%1:10:02::)
book-n	4	a written version of a play or other dramatic composition; used in preparing for a performance		book%1:10:01::	script#1 (script%1:10:00::), book#4 (book%1:10:01::), playscript#1 (playscript%1:10:00::)
book-n	5	a record in which commercial accounts are recorded	they got a subpoena to examine our books.	book%1:21:00::	ledger#1 (ledger%1:21:00::), leger#1 (leger%1:21:00::), account book#1 (account_book%1:21:00::), book of account#1 (book_of_account%1:21:00::), book#5 (book%1:21:00::)
book-n	6	a collection of playing cards satisfying the rules of a card game		book%1:14:01::	book#6 (book%1:14:01::)
book-n	7	a collection of rules or prescribed standards on the basis of which decisions are made	they run things by the book around here.	book%1:14:00::	book#7 (book%1:14:00::), rule book#1 (rule_book%1:14:00::)
book-n	8	the sacred writings of Islam revealed by God to the prophet Muhammad during his life at Mecca and Medina			Koran#1 (koran%1:10:00::), Quran#1 (quran%1:10:00::), al-Qur'an#1 (al-qur'an%1:10:00::), Book#8 (book%1:10:05::)
book-n	9	the sacred writings of the Christian religions	he went to carry the Word to the heathen.		Bible#1 (bible%1:10:00::), Christian Bible#1 (christian_bible%1:10:00::), Book#9 (book%1:10:04::), Good Book#1 (good_book%1:10:00::), Holy Scripture#1 (holy_scripture%1:10:00::), Holy Writ#1 (holy_writ%1:10:00::), Scripture#1 (scripture%1:10:00::), Word of God#2 (word_of_god%1:10:00::), Word#10 (word%1:10:07::)
book-n	10	a major division of a long written composition	the book of Isaiah.	book%1:10:03::	book#10 (book%1:10:03::)
book-n	11	a number of sheets (ticket or stamps etc.) bound together on one edge	he bought a book of stamps.	book%1:06:02::	book#11 (book%1:06:02::)
color-n	1	a visual attribute of things that results from the light they emit or transmit or reflect	a white color is made up of many different wavelengths of light.	color%1:07:00::	color#1 (color%1:07:00::), colour#6 (colour%1:07:00::), coloring#2 (coloring%1:07:00::), colouring#2 (colouring%1:07:00::)
color-n	2	interest and variety and intensity	the Puritan Period was lacking in color.  the characters were delineated with exceptional vividness.	color%1:07:03::	color#2 (color%1:07:03::), colour#4 (colour%1:07:03::), vividness#1 (vividness%1:07:01::)
color-n	3	the timbre of a musical sound	the recording fails to capture the true color of the original music.	color%1:07:02::	color#3 (color%1:07:02::), colour#5 (colour%1:07:02::), coloration#1 (coloration%1:07:01::), colouration#1 (colouration%1:07:01::)
color-n	4	a race with skin pigmentation different from the white race (especially Blacks)		color%1:14:00::	color#4 (color%1:14:00::), colour#2 (colour%1:14:00::), people of color#1 (people_of_color%1:14:00::), people of colour#1 (people_of_colour%1:14:00::)
color-n	5	an outward or token appearance or form that is deliberately misleading	he hoped his claims would have a semblance of authenticity.  he tried to give his falsehood the gloss of moral sanction.  the situation soon took on a different color.	color%1:07:04::	semblance#1 (semblance%1:07:00::), gloss#4 (gloss%1:07:01::), color#5 (color%1:07:04::), colour#7 (colour%1:07:04::)
color-n	6	any material used for its color	she used a different color for the trim.	color%1:27:00::	coloring material#1 (coloring_material%1:27:00::), colouring material#1 (colouring_material%1:27:00::), color#6 (color%1:27:00::), colour#1 (colour%1:27:00::)
color-n	7	(physics) the characteristic of quarks that determines their role in the strong interaction	each flavor of quarks comes in three colors.	color%1:09:01::	color#7 (color%1:09:01::), colour#3 (colour%1:09:01::)
color-n	8	the appearance of objects (or light sources) described in terms of a person's perception of their hue and lightness (or brightness) and saturation		color%1:07:01::	color#8 (color%1:07:01::), colour#8 (colour%1:07:01::)
common-j	1	belonging to or participated in by a community as a whole; public	for the common good.  common lands are set aside for use by all members of a community.	common%3:00:02::	common#1 (common%3:00:02::)
common-j	2	having no special distinction or quality; widely known or commonly encountered; average or ordinary or usual	the common man.  a common sailor.  the common cold.  a common nuisance.  followed common procedure.  it is common knowledge that she lives alone.  the common housefly.  a common brand of soap.	common%3:00:01::	common#2 (common%3:00:01::)
common-j	3	common to or shared by two or more parties	a common friend.  the mutual interests of management and labor.	common%3:00:00:shared:00	common#3 (common%3:00:00:shared:00), mutual#1 (mutual%3:00:00:shared:00)
common-j	4	commonly encountered	a common (or familiar) complaint.  the usual greeting.	common%3:00:00:familiar:02	common#4 (common%3:00:00:familiar:02), usual#2 (usual%3:00:00:familiar:02)
common-j	5	being or characteristic of or appropriate to everyday language	common parlance.  a vernacular term.  vernacular speakers.  the vulgar tongue of the masses.  the technical and vulgar names for an animal species.	common%3:00:00:informal:02	common#5 (common%3:00:00:informal:02), vernacular#1 (vernacular%3:00:00:informal:02), vulgar#3 (vulgar%3:00:01:informal:02)
common-j	6	of or associated with the great masses of people	the common people in those days suffered greatly.  behavior that branded him as common.  his square plebeian nose.  a vulgar and objectionable person.  the unwashed masses.	common%3:00:00:lowborn:00	common#6 (common%3:00:00:lowborn:00), plebeian#1 (plebeian%3:00:00:lowborn:00), vulgar#2 (vulgar%3:00:00:lowborn:00), unwashed#1 (unwashed%3:00:00:lowborn:00)
common-j	7	of low or inferior quality or value	of what coarse metal ye are molded- Shakespeare.  produced...the common cloths used by the poorer population.	common%3:00:00:inferior:02	coarse#3 (coarse%3:00:00:inferior:02), common#7 (common%3:00:00:inferior:02)
common-j	8	lacking refinement or cultivation or taste	he had coarse manners but a first-rate mind.  behavior that branded him as common.  an untutored and uncouth human being.  an uncouth soldier--a real tough guy.  appealing to the vulgar taste for violence.  the vulgar display of the newly rich.	common%3:00:00:unrefined:01	coarse#2 (coarse%3:00:00:unrefined:01), common#8 (common%3:00:00:unrefined:01), rough-cut#1 (rough-cut%3:00:00:unrefined:01), uncouth#1 (uncouth%3:00:00:unrefined:01), vulgar#1 (vulgar%3:00:00:unrefined:01)
common-j	9	to be expected; standard	common decency.	common%3:00:00:ordinary:00	common#9 (common%3:00:00:ordinary:00)
control-n	1	power to direct or determine	under control.	control%1:07:00::	control#1 (control%1:07:00::)
control-n	2	a relation of constraint of one entity (thing or person or group) by another	measures for the control of disease.  they instituted controls over drinking on campus.	control%1:24:00::	control#2 (control%1:24:00::)
control-n	3	(physiology) regulation or maintenance of a function or action or reflex etc	the timing and control of his movements were unimpaired.  he had lost control of his sphincters.	control%1:04:02::	control#3 (control%1:04:02::)
control-n	4	a standard against which other conditions can be compared in a scientific experiment	the control condition was inappropriate for the conclusions he wished to draw.	control%1:09:02::	control condition#1 (control_condition%1:09:00::), control#4 (control%1:09:02::)
control-n	5	the activity of managing or exerting control over something	the control of the mob by the police was admirable.	control%1:04:00::	control#5 (control%1:04:00::)
control-n	6	the state that exists when one person or group has power over another	her apparent dominance of her husband was really her attempt to make him pay attention to her.	control%1:26:00::	dominance#2 (dominance%1:26:00::), ascendance#1 (ascendance%1:26:00::), ascendence#1 (ascendence%1:26:00::), ascendancy#1 (ascendancy%1:26:00::), ascendency#1 (ascendency%1:26:00::), control#6 (control%1:26:00::)
control-n	7	discipline in personal and social activities	he was a model of polite restraint.  she never lost control of herself.	control%1:07:01::	restraint#2 (restraint%1:07:00::), control#7 (control%1:07:01::)
control-n	8	great skillfulness and knowledge of some subject or activity	a good command of French.	control%1:09:01::	command#6 (command%1:09:00::), control#8 (control%1:09:01::), mastery#1 (mastery%1:09:00::)
control-n	9	a mechanism that controls the operation of a machine	the speed controller on his turntable was not working properly.  I turned the controls over to her.	control%1:06:00::	control#9 (control%1:06:00::), controller#3 (controller%1:06:00::)
control-n	10	a spiritual agency that is assumed to assist the medium during a seance		control%1:18:00::	control#10 (control%1:18:00::)
control-n	11	the economic policy of controlling or limiting or curbing prices or wages etc.	they wanted to repeal all the legislation that imposed economic controls.	control%1:10:00::	control#11 (control%1:10:00::)
date-n	1	the specified day of the month	what is the date today?.	date%1:28:00::	date#1 (date%1:28:00::), day of the month#1 (day_of_the_month%1:28:00::)
date-n	2	a participant in a date	his date never stopped talking.	date%1:18:00::	date#2 (date%1:18:00::), escort#4 (escort%1:18:00::)
date-n	3	a meeting arranged in advance	she asked how to avoid kissing at the end of a date.	date%1:14:00::	date#3 (date%1:14:00::), appointment#2 (appointment%1:14:00::), engagement#2 (engagement%1:14:00::)
date-n	4	a particular but unspecified point in time	they hoped to get together at an early date.	date%1:28:04::	date#4 (date%1:28:04::), particular date#1 (particular_date%1:28:00::)
date-n	5	the present	they are up to date.  we haven't heard from them to date.	date%1:28:02::	date#5 (date%1:28:02::)
date-n	6	the particular day, month, or year (usually according to the Gregorian calendar) that an event occurred	he tried to memorizes all the dates for his history class.	date%1:28:03::	date#6 (date%1:28:03::)
date-n	7	a particular day specified as the time something happens	the date of the election is set by law.	date%1:28:05::	date#7 (date%1:28:05::)
date-n	8	sweet edible fruit of the date palm with a single long woody seed		date%1:13:00::	date#8 (date%1:13:00::)
fair-j	1	free from favoritism or self-interest or bias or deception; conforming with established standards or rules	a fair referee.  fair deal.  on a fair footing.  a fair fight.  by fair means or foul.	fair%3:00:03::	fair#1 (fair%3:00:03::), just#3 (just%3:00:04::)
fair-j	2	not excessive or extreme	a fairish income.  reasonable prices.	fair%3:00:00:moderate:00	fair#2 (fair%3:00:00:moderate:00), fairish#1 (fairish%3:00:00:moderate:00), reasonable#2 (reasonable%3:00:00:moderate:00)
fair-j	3	very pleasing to the eye	my bonny lass.  there's a bonny bay beyond.  a comely face.  young fair maidens.	fair%3:00:00:beautiful:00	bonny#1 (bonny%3:00:00:beautiful:00), bonnie#1 (bonnie%3:00:00:beautiful:00), comely#2 (comely%3:00:00:beautiful:00), fair#3 (fair%3:00:00:beautiful:00), sightly#1 (sightly%3:00:00:beautiful:00)
fair-j	4	(of a baseball) hit between the foul lines	he hit a fair ball over the third base bag.	fair%3:00:01::	fair#4 (fair%3:00:01::)
fair-j	5	lacking exceptional quality or ability	a novel of average merit.  only a fair performance of the sonata.  in fair health.  the caliber of the students has gone from mediocre to above average.  the performance was middling at best.	fair%3:00:00:ordinary:00	average#3 (average%3:00:00:ordinary:00), fair#5 (fair%3:00:00:ordinary:00), mediocre#2 (mediocre%3:00:00:ordinary:00), middling#1 (middling%3:00:00:ordinary:00)
fair-j	6	attractively feminine	the fair sex.	fair%3:00:00:feminine:01	fair#6 (fair%3:00:00:feminine:01)
fair-j	7	(of a manuscript) having few alterations or corrections	fair copy.  a clean manuscript.	fair%3:00:00:legible:00	clean#11 (clean%3:00:00:legible:00), fair#7 (fair%3:00:00:legible:00)
fair-j	8	gained or earned without cheating or stealing	an honest wage.  an fair penny.	fair%3:00:00:equitable:00	honest#7 (honest%3:00:00:equitable:00), fair#8 (fair%3:00:00:equitable:00)
fair-j	9	free of clouds or rain	today will be fair and warm.	fair%3:00:00:clear:03	fair#9 (fair%3:00:00:clear:03)
fair-j	10	(used of hair or skin) pale or light-colored	a fair complexion.	fair%3:00:00:blond:00	fair#10 (fair%3:00:00:blond:00), fairish#2 (fairish%3:00:00:blond:00)
family-n	1	a social unit living together	he moved his family to Virginia.  It was a good Christian household.  I waited until the whole house was asleep.  the teacher asked how many people made up his home.  the family refused to accept his will.	family%1:14:02::	family#1 (family%1:14:02::), household#1 (household%1:14:00::), house#10 (house%1:14:05::), home#8 (home%1:14:00::), menage#1 (menage%1:14:00::)
family-n	2	primary social group; parents and children	he wanted to have a good job before starting a family.	family%1:14:00::	family#2 (family%1:14:00::), family unit#1 (family_unit%1:14:00::)
family-n	3	a collection of things sharing a common attribute	there are two classes of detergents.	family%1:14:04::	class#1 (class%1:14:00::), category#1 (category%1:14:00::), family#3 (family%1:14:04::)
family-n	4	people descended from a common ancestor	his family has lived in Massachusetts since the Mayflower.	family%1:14:01::	family#4 (family%1:14:01::), family line#1 (family_line%1:14:00::), folk#3 (folk%1:14:02::), kinfolk#1 (kinfolk%1:14:00::), kinsfolk#1 (kinsfolk%1:14:00::), sept#2 (sept%1:14:00::), phratry#1 (phratry%1:14:00::)
family-n	5	a person having kinship with another or others	he's kin.  he's family.	family%1:18:00::	kin#1 (kin%1:18:00::), kinsperson#1 (kinsperson%1:18:00::), family#5 (family%1:18:00::)
family-n	6	(biology) a taxonomic group containing one or more genera	sharks belong to the fish family.	family%1:14:03::	family#6 (family%1:14:03::)
family-n	7	a loose affiliation of gangsters in charge of organized criminal activities		family%1:14:06::	syndicate#1 (syndicate%1:14:01::), crime syndicate#1 (crime_syndicate%1:14:00::), mob#2 (mob%1:14:02::), family#7 (family%1:14:06::)
family-n	8	an association of people who share common beliefs or activities	the message was addressed not just to employees but to every member of the company family.  the church welcomed new members into its fellowship.	family%1:14:05::	family#8 (family%1:14:05::), fellowship#1 (fellowship%1:14:00::)
find-v	1	come upon, as if by accident; meet with	We find this idea in Plato.  I happened upon the most wonderful bakery not very far from here.  She chanced upon an interesting book in the bookstore the other day.	find%2:40:02::	find#1 (find%2:40:02::), happen#5 (happen%2:40:12::), chance#3 (chance%2:40:12::), bump#2 (bump%2:40:12::), encounter#2 (encounter%2:40:00::)
find-v	2	discover or determine the existence, presence, or fact of	She detected high levels of lead in her drinking water.  We found traces of lead in the paint.	find%2:39:02::	detect#1 (detect%2:39:00::), observe#1 (observe%2:39:02::), find#2 (find%2:39:02::), discover#1 (discover%2:39:03::), notice#1 (notice%2:39:04::)
find-v	3	come upon after searching; find the location of something that was missed or lost	Did you find your glasses?.  I cannot find my gloves!.	find%2:40:00::	find#3 (find%2:40:00::), regain#2 (regain%2:40:01::)
find-v	4	establish after a calculation, investigation, experiment, survey, or study	find the product of two numbers.  The physicist who found the elusive particle won the Nobel Prize.	find%2:32:00::	determine#1 (determine%2:32:00::), find#4 (find%2:32:00::), find out#1 (find_out%2:32:00::), ascertain#1 (ascertain%2:32:01::)
find-v	5	come to believe on the basis of emotion, intuitions, or indefinite grounds	I feel that he doesn't like me.  I find him to be obnoxious.  I found the movie rather entertaining.	find%2:31:10::	find#5 (find%2:31:10::), feel#2 (feel%2:31:00::)
find-v	6	perceive or be contemporaneous with	We found Republicans winning the offices.  You'll see a lot of cheating in this school.  The 1960's saw the rebellion of the younger generation against established traditions.  I want to see results.	find%2:39:01::	witness#2 (witness%2:39:01::), find#6 (find%2:39:01::), see#3 (see%2:39:02::)
find-v	7	get something or somebody for a specific purpose	I found this gadget that will serve as a bottle opener.  I got hold of these tools to fix our plumbing.  The chairman got hold of a secretary on Friday night to type the urgent letter.	find%2:40:01::	line up#2 (line_up%2:40:00::), get hold#1 (get_hold%2:40:00::), come up#9 (come_up%2:40:00::), find#7 (find%2:40:01::)
find-v	8	make a discovery, make a new finding	Roentgen discovered X-rays.  Physicists believe they found a new elementary particle.	find%2:36:00::	discover#3 (discover%2:36:00::), find#8 (find%2:36:00::)
find-v	9	make a discovery	She found that he had lied to her.  The story is false, so far as I can discover.	find%2:31:09::	discover#4 (discover%2:31:00::), find#9 (find%2:31:09::)
find-v	10	obtain through effort or management	She found the time and energy to take care of her aging parents.  We found the money to send our sons to college.	find%2:40:03::	find#10 (find%2:40:03::)
find-v	11	decide on and make a declaration about	find someone guilty.	find%2:32:01::	rule#4 (rule%2:32:00::), find#11 (find%2:32:01::)
find-v	12	receive a specified treatment (abstract)	These aspects of civilization do not find expression or receive an interpretation.  His movie received a good review.  I got nothing but trouble for my good intentions.	find%2:30:00::	receive#2 (receive%2:30:01::), get#4 (get%2:30:03::), find#12 (find%2:30:00::), obtain#2 (obtain%2:30:00::), incur#2 (incur%2:30:00::)
find-v	13	perceive oneself to be in a certain condition or place	I found myself in a difficult situation.  When he woke up, he found himself in a hospital room.	find%2:39:05::	find#13 (find%2:39:05::)
find-v	14	get or find back; recover the use of	She regained control of herself.  She found her voice and replied quickly.	find%2:40:15::	recover#1 (recover%2:40:00::), retrieve#1 (retrieve%2:40:00::), find#14 (find%2:40:15::), regain#1 (regain%2:40:00::)
find-v	15	succeed in reaching; arrive at	The arrow found its mark.	find%2:38:10::	find#15 (find%2:38:10::)
find-v	16	accept and make use of one's personality, abilities, and situation	My son went to Berkeley to find himself.	find%2:30:13::	find oneself#1 (find_oneself%2:30:00::), find#16 (find%2:30:13::)
fold-v	1	bend or lay so that one part covers the other	fold up the newspaper.  turn up your collar.	fold%2:35:00::	fold#1 (fold%2:35:00::), fold up#1 (fold_up%2:35:00::), turn up#2 (turn_up%2:35:00::)
fold-v	2	incorporate a food ingredient into a mixture by repeatedly turning it over without stirring or beating	Fold the egg whites into the batter.	fold%2:30:00::	fold#2 (fold%2:30:00::)
fold-v	3	cease to operate or cause to cease operating	The owners decided to move and to close the factory.  My business closes every night at 8 P.M..  close up the shop.	fold%2:41:00::	close up#1 (close_up%2:41:00::), close#3 (close%2:41:00::), fold#3 (fold%2:41:00::), shut down#1 (shut_down%2:41:00::), close down#1 (close_down%2:41:00::)
fold-v	4	confine in a fold, like sheep		fold%2:35:04::	pen up#1 (pen_up%2:35:00::), fold#4 (fold%2:35:04::)
fold-v	5	become folded or folded up	The bed folds in a jiffy.	fold%2:30:10::	fold#5 (fold%2:30:10::), fold up#2 (fold_up%2:30:10::)
full-j	1	containing as much or as many as is possible or normal	a full glass.  a sky full of stars.  a full life.  the auditorium was full to overflowing.	full%3:00:00::	full#1 (full%3:00:00::)
full-j	2	constituting the full quantity or extent; complete	an entire town devastated by an earthquake.  gave full attention.  a total failure.	full%3:00:01:whole:00	entire#1 (entire%3:00:01:whole:00), full#2 (full%3:00:01:whole:00), total#1 (total%3:00:00:whole:00)
full-j	3	complete in extent or degree and in every particular	a full game.  a total eclipse.  a total disaster.	full%3:00:00:complete:00	full#3 (full%3:00:00:complete:00), total#2 (total%3:00:02:complete:00)
full-j	4	filled to satisfaction with food or drink	a full stomach.	full%3:00:00:nourished:00	full#4 (full%3:00:00:nourished:00), replete#1 (replete%3:00:00:nourished:00)
full-j	5	(of sound) having marked deepness and body	full tones.  a full voice.	full%3:00:01::	full#5 (full%3:00:01::)
full-j	6	having the normally expected amount	gives full measure.  gives good measure.  a good mile from here.	full%3:00:00:ample:00	full#6 (full%3:00:00:ample:00), good#2 (good%3:00:00:ample:00)
full-j	7	being at a peak or culminating point	broad daylight.  full summer.	full%3:00:00:high:02	broad#5 (broad%3:00:00:high:02), full#7 (full%3:00:00:high:02)
full-j	8	having ample fabric	the current taste for wide trousers.  a full skirt.	full%3:00:02:ample:00	wide#6 (wide%3:00:00:ample:00), wide-cut#1 (wide-cut%3:00:00:ample:00), full#8 (full%3:00:02:ample:00)
help-v	1	give help or assistance; be of service	Everyone helped out during the earthquake.  Can you help me carry this table?.  She never helps around the house.	help%2:41:00::	help#1 (help%2:41:00::), assist#1 (assist%2:41:02::), aid#1 (aid%2:41:00::)
help-v	2	improve the condition of	These pills will help the patient.	help%2:29:00::	help#2 (help%2:29:00::), aid#2 (aid%2:29:00::)
help-v	3	be of use	This will help to prevent accidents.	help%2:42:00::	help#3 (help%2:42:00::), facilitate#2 (facilitate%2:42:00::)
help-v	4	abstain from doing; always used with a negative	I can't help myself--I have to smoke.  She could not help watching the sad spectacle.	help%2:42:08::	help oneself#1 (help_oneself%2:42:00::), help#4 (help%2:42:08::)
help-v	5	help to some food; help with food or drink	I served him three times, and after that he helped himself.	help%2:34:00::	serve#5 (serve%2:34:01::), help#5 (help%2:34:00::)
help-v	6	contribute to the furtherance of	This money will help the development of literacy in developing countries.	help%2:41:12::	help#6 (help%2:41:12::)
help-v	7	take or use	She helped herself to some of the office supplies.	help%2:34:04::	avail#3 (avail%2:34:04::), help#7 (help%2:34:04::)
help-v	8	improve; change for the better	New slipcovers will help the old living room furniture.	help%2:30:13::	help#8 (help%2:30:13::)
high-j	1	greater than normal in degree or intensity or amount	a high temperature.  a high price.  the high point of his career.  high risks.  has high hopes.  the river is high.  he has a high opinion of himself.	high%3:00:02::	high#1 (high%3:00:02::)
high-j	2	(literal meaning) being at or having a relatively great or specific elevation or upward extension (sometimes used in combinations like `knee-high')	a high mountain.  high ceilings.  high buildings.  a high forehead.  a high incline.  a foot high.	high%3:00:01::	high#2 (high%3:00:01::)
high-j	3	standing above others in quality or position	people in high places.  the high priest.  eminent members of the community.	high%3:00:00:superior:01	eminent#1 (eminent%3:00:00:superior:01), high#3 (high%3:00:00:superior:01)
high-j	4	used of sounds and voices; high in pitch or frequency		high%3:00:03::	high#4 (high%3:00:03::), high-pitched#1 (high-pitched%3:00:00::)
high-j	5	happy and excited and energetic		high%3:00:00:elated:00	high#5 (high%3:00:00:elated:00), in high spirits#1 (in_high_spirits%3:00:00:elated:00)
high-j	6	(used of the smell of meat) smelling spoiled or tainted		high%3:00:00:malodorous:00	gamey#2 (gamey%3:00:00:malodorous:00), gamy#2 (gamy%3:00:00:malodorous:00), high#6 (high%3:00:00:malodorous:00)
high-j	7	slightly and pleasantly intoxicated from alcohol or a drug (especially marijuana)		high%3:00:00:intoxicated:00	high#7 (high%3:00:00:intoxicated:00), mellow#4 (mellow%3:00:00:intoxicated:00)
image-n	1	an iconic mental representation	her imagination forced images upon her too awful to contemplate.	mental_image%1:09:00::	image#1 (image%1:09:00::), mental image#1 (mental_image%1:09:00::)
image-n	2	(Jungian psychology) a personal facade that one presents to the world	a public image is as fragile as Humpty Dumpty.	image%1:07:00::	persona#2 (persona%1:07:00::), image#2 (image%1:07:00::)
image-n	3	a visual representation (of an object or scene or person or abstraction) produced on a surface	they showed us the pictures of their wedding.  a movie is a series of images projected so rapidly that the eye integrates them.	image%1:06:00::	picture#1 (picture%1:06:00::), image#3 (image%1:06:00::), icon#2 (icon%1:06:00::), ikon#1 (ikon%1:06:00::)
image-n	4	a standard or typical example	he is the prototype of good breeding.  he provided America with an image of the good father.	image%1:09:02::	prototype#1 (prototype%1:09:00::), paradigm#2 (paradigm%1:09:00::), epitome#1 (epitome%1:09:00::), image#4 (image%1:09:02::)
image-n	5	language used in a figurative or nonliteral sense		image%1:10:00::	trope#1 (trope%1:10:00::), figure of speech#1 (figure_of_speech%1:10:00::), figure#10 (figure%1:10:01::), image#5 (image%1:10:00::)
image-n	6	someone who closely resembles a famous person (especially an actor)	he could be Gingrich's double.  she's the very image of her mother.	image%1:18:00::	double#3 (double%1:18:00::), image#6 (image%1:18:00::), look-alike#1 (look-alike%1:18:00::)
image-n	7	(mathematics) the set of values of the dependent variable for which a function is defined	the image of f(x) = x^2 is the set of all non-negative real numbers if the domain of the function is the set of all real numbers.	image%1:14:00::	image#7 (image%1:14:00::), range#7 (range%1:14:01::), range of a function#1 (range_of_a_function%1:14:00::)
image-n	8	the general impression that something (a person or organization or product) presents to the public	although her popular image was contrived it served to inspire music and pageantry.  the company tried to project an altruistic image.	image%1:07:01::	image#8 (image%1:07:01::)
image-n	9	a representation of a person (especially in the form of sculpture)	the coin bears an effigy of Lincoln.  the emperor's tomb had his image carved in stone.	image%1:06:01::	effigy#1 (effigy%1:06:00::), image#9 (image%1:06:01::), simulacrum#2 (simulacrum%1:06:00::)
kill-v	1	cause to die; put to death, usually intentionally or knowingly	This man killed several people when he tried to rob a bank.  The farmer killed a pig for the holidays.	kill%2:35:00::	kill#1 (kill%2:35:00::)
kill-v	2	thwart the passage of	kill a motion.  he shot down the student's proposal.	kill%2:41:01::	kill#2 (kill%2:41:01::), shoot down#3 (shoot_down%2:41:00::), defeat#2 (defeat%2:41:00::), vote down#1 (vote_down%2:41:00::), vote out#1 (vote_out%2:41:00::)
kill-v	3	end or extinguish by forceful means	Stamp out poverty!.	kill%2:30:08::	stamp out#1 (stamp_out%2:30:00::), kill#3 (kill%2:30:08::)
kill-v	4	be fatal	cigarettes kill.  drunken driving kills.	kill%2:42:00::	kill#4 (kill%2:42:00::)
kill-v	5	be the source of great pain for	These new shoes are killing me!.	kill%2:39:00::	kill#5 (kill%2:39:00::)
kill-v	6	overwhelm with hilarity, pleasure, or admiration	The comedian was so funny, he was killing me!.	kill%2:37:00::	kill#6 (kill%2:37:00::)
kill-v	7	hit with so much force as to make a return impossible, in racket games	She killed the ball.	kill%2:35:06::	kill#7 (kill%2:35:06::)
kill-v	8	hit with great force	He killed the ball.	kill%2:35:05::	kill#8 (kill%2:35:05::)
kill-v	9	deprive of life	AIDS has killed thousands in Africa.	kill%2:35:02::	kill#9 (kill%2:35:02::)
kill-v	10	cause the death of, without intention	She was killed in the collision of three cars.	kill%2:35:01::	kill#10 (kill%2:35:01::)
kill-v	11	drink down entirely	He downed three martinis before dinner.  She killed a bottle of brandy that night.  They popped a few beer after work.	kill%2:34:00::	toss off#2 (toss_off%2:34:00::), pop#10 (pop%2:34:02::), bolt down#1 (bolt_down%2:34:01::), belt down#1 (belt_down%2:34:00::), pour down#1 (pour_down%2:34:00::), down#1 (down%2:34:00::), drink down#1 (drink_down%2:34:00::), kill#11 (kill%2:34:00::)
kill-v	12	mark for deletion, rub off, or erase	kill these lines in the President's speech.	kill%2:30:00::	kill#12 (kill%2:30:00::), obliterate#1 (obliterate%2:30:02::), wipe out#5 (wipe_out%2:30:02::)
kill-v	13	tire out completely	The daily stress of her work is killing her.	kill%2:30:04::	kill#13 (kill%2:30:04::)
kill-v	14	cause to cease operating	kill the engine.	kill%2:30:03::	kill#14 (kill%2:30:03::)
kill-v	15	destroy a vitally essential quality of or in	Eating artichokes kills the taste of all other foods.	kill%2:30:02::	kill#15 (kill%2:30:02::)
know-v	1	be cognizant or aware of a fact or a specific piece of information; possess knowledge or information about	I know that the President lied to the people.  I want to know who is winning the game!.  I know it's time.	know%2:31:01::	know#1 (know%2:31:01::), cognize#1 (cognize%2:31:00::), cognise#1 (cognise%2:31:00::)
know-v	2	know how to do or perform something	She knows how to knit.  Does your husband know how to cook?.	know%2:31:03::	know#2 (know%2:31:03::)
know-v	3	be aware of the truth of something; have a belief or faith in something; regard as true beyond any doubt	I know that I left the key on the table.  Galileo knew that the earth moves around the sun.	know%2:31:02::	know#3 (know%2:31:02::)
know-v	4	be familiar or acquainted with a person or an object	She doesn't know this composer.  Do you know my sister?.  We know this movie.  I know him under a different name.  This flower is known as a Peruvian Lily.	know%2:31:00::	know#4 (know%2:31:00::)
know-v	5	have firsthand knowledge of states, situations, emotions, or sensations	I know the feeling!.  have you ever known hunger?.  I have lived a kind of hell when I was a drug addict.  The holocaust survivors have lived a nightmare.  I lived through two divorces.	know%2:31:04::	know#5 (know%2:31:04::), experience#2 (experience%2:31:00::), live#6 (live%2:31:00::)
know-v	6	accept (someone) to be what is claimed or accept his power and authority	The Crown Prince was acknowledged as the true heir to the throne.  We do not recognize your gods.	know%2:31:06::	acknowledge#6 (acknowledge%2:31:09::), recognize#1 (recognize%2:31:02::), recognise#8 (recognise%2:31:02::), know#6 (know%2:31:06::)
know-v	7	have fixed in the mind	I know Latin.  This student knows her irregular verbs.  Do you know the poem well enough to recite it?.	know%2:31:15::	know#7 (know%2:31:15::)
know-v	8	have sexual intercourse with	This student sleeps with everyone in her dorm.  Adam knew Eve.  Were you ever intimate with this man?.	know%2:35:00::	sleep together#1 (sleep_together%2:35:00::), roll in the hay#1 (roll_in_the_hay%2:35:00::), love#4 (love%2:35:00::), make out#6 (make_out%2:35:00::), make love#1 (make_love%2:35:00::), sleep with#1 (sleep_with%2:35:00::), get laid#1 (get_laid%2:35:00::), have sex#1 (have_sex%2:35:00::), know#8 (know%2:35:00::), do it#1 (do_it%2:35:00::), be intimate#1 (be_intimate%2:35:00::), have intercourse#1 (have_intercourse%2:35:00::), have it away#1 (have_it_away%2:35:00::), have it off#1 (have_it_off%2:35:00::), screw#1 (screw%2:35:04::), fuck#1 (fuck%2:35:00::), jazz#2 (jazz%2:35:00::), eff#1 (eff%2:35:00::), hump#2 (hump%2:35:00::), lie with#1 (lie_with%2:35:00::), bed#4 (bed%2:35:00::), have a go at it#1 (have_a_go_at_it%2:35:00::), bang#5 (bang%2:35:04::), get it on#1 (get_it_on%2:35:00::), bonk#1 (bonk%2:35:01::)
know-v	9	know the nature or character of	we all knew her as a big show-off.	know%2:31:11::	know#9 (know%2:31:11::)
know-v	10	be able to distinguish, recognize as being different	The child knows right from wrong.	know%2:31:12::	know#10 (know%2:31:12::)
know-v	11	perceive as familiar	I know this voice!.	know%2:31:14::	know#11 (know%2:31:14::)
land-n	1	the land on which real estate is located	he built the house on land leased from the city.	land%1:21:01::	land#1 (land%1:21:01::)
land-n	2	material in the top layer of the surface of the earth in which plants can grow (especially with reference to its quality or use)	the land had never been plowed.  good agricultural soil.	land%1:17:01::	land#2 (land%1:17:01::), ground#7 (ground%1:17:01::), soil#3 (soil%1:17:00::)
land-n	3	territory over which rule or control is exercised	his domain extended into Europe.  he made it the law of the land.	land%1:15:01::	domain#2 (domain%1:15:00::), demesne#2 (demesne%1:15:00::), land#3 (land%1:15:01::)
land-n	4	the solid part of the earth's surface	the plane turned away from the sea and moved back over land.  the earth shook for several minutes.  he dropped the logs on the ground.	land%1:17:00::	land#4 (land%1:17:00::), dry land#1 (dry_land%1:17:00::), earth#3 (earth%1:17:01::), ground#1 (ground%1:17:00::), solid ground#1 (solid_ground%1:17:00::), terra firma#1 (terra_firma%1:17:00::)
land-n	5	the territory occupied by a nation	he returned to the land of his birth.  he visited several European countries.	land%1:15:02::	country#2 (country%1:15:00::), state#7 (state%1:15:00::), land#5 (land%1:15:02::)
land-n	6	a domain in which something is dominant	the untroubled kingdom of reason.  a land of make-believe.  the rise of the realm of cotton in the south.	land%1:26:00::	kingdom#1 (kingdom%1:26:00::), land#6 (land%1:26:00::), realm#1 (realm%1:26:01::)
land-n	7	extensive landed property (especially in the country) retained by the owner for his own use	the family owned a large estate on Long Island.	land%1:21:00::	estate#2 (estate%1:21:01::), land#7 (land%1:21:00::), landed estate#1 (landed_estate%1:21:00::), acres#1 (acres%1:21:00::), demesne#1 (demesne%1:21:00::)
land-n	8	the people who live in a nation or country	a statement that sums up the nation's mood.  the news was announced to the nation.  the whole country worshipped him.	land%1:14:01::	nation#2 (nation%1:14:01::), land#8 (land%1:14:01::), country#3 (country%1:14:01::)
land-n	9	a politically organized body of people under a single government	the state has elected a new president.  African nations.  students who had come to the nation's capitol.  the country's largest manufacturer.  an industrialized land.	land%1:14:00::	state#4 (state%1:14:00::), nation#1 (nation%1:14:00::), country#1 (country%1:14:00::), land#9 (land%1:14:00::), commonwealth#2 (commonwealth%1:14:00::), res publica#1 (res_publica%1:14:00::), body politic#1 (body_politic%1:14:00::)
land-n	10				Land#10 (land%1:18:00::), Din Land#1 (din_land%1:18:00::), Edwin Herbert Land#1 (edwin_herbert_land%1:18:00::) (United States inventor who incorporated Polaroid film into lenses and invented the one step photographic process (1909-1991))
land-n	11	agriculture considered as an occupation or way of life	farming is a strenuous life.  there's no work on the land any more.	land%1:04:00::	farming#2 (farming%1:04:01::), land#11 (land%1:04:00::)
late-j	1	being or occurring at an advanced period of time or after a usual or expected time	late evening.  late 18th century.  a late movie.  took a late flight.  had a late breakfast.	late%3:00:00::	late#1 (late%3:00:00::)
late-j	2	after the expected or usual time; delayed	a belated birthday card.  I'm late for the plane.  the train is late.  tardy children are sent to the principal.  always tardy in making dental appointments.	late%3:00:00:unpunctual:00	belated#1 (belated%3:00:00:unpunctual:00), late#2 (late%3:00:00:unpunctual:00), tardy#1 (tardy%3:00:00:unpunctual:00)
late-j	3	of the immediate past or just previous to the present time	a late development.  their late quarrel.  his recent trip to Africa.  in recent months.  a recent issue of the journal.	late%3:00:00:past:00	late#3 (late%3:00:00:past:00), recent#2 (recent%3:00:00:past:00)
late-j	4	having died recently	her late husband.	late%3:00:00:dead:01	late#4 (late%3:00:00:dead:01)
late-j	5	of a later stage in the development of a language or literature; used especially of dead languages	Late Greek.	late%3:00:01::	late#5 (late%3:00:01::)
late-j	6	at or toward an end or late period or stage of development	the late phase of feudalism.  a later symptom of the disease.  later medical science could have saved the child.	late%3:00:02::	late#6 (late%3:00:02::), later#2 (later%3:00:02::)
late-j	7	(used especially of persons) of the immediate past	the former president.  our late President is still very active.  the previous occupant of the White House.	late%3:00:02:past:00	former#3 (former%3:00:02:past:00), late#7 (late%3:00:02:past:00), previous#2 (previous%3:00:00:past:00)
level-n	1	a position on a scale of intensity or amount or quality	a moderate grade of intelligence.  a high level of care is required.  it is all a matter of degree.	level%1:07:00::	degree#1 (degree%1:07:00::), grade#8 (grade%1:07:00::), level#1 (level%1:07:00::)
level-n	2	a relative position or degree of value in a graded group	lumber of the highest grade.	level%1:26:01::	grade#2 (grade%1:26:00::), level#2 (level%1:26:01::), tier#1 (tier%1:26:00::)
level-n	3	a specific identifiable position in a continuum or series or especially in a process	a remarkable degree of frankness.  at what stage are the social sciences?.	level%1:26:00::	degree#2 (degree%1:26:01::), level#3 (level%1:26:00::), stage#2 (stage%1:26:00::), point#5 (point%1:26:00::)
level-n	4	height above ground	the water reached ankle level.  the pictures were at the same level.	level%1:07:01::	level#4 (level%1:07:01::)
level-n	5	indicator that establishes the horizontal when a bubble is centered in a tube of liquid		level%1:06:00::	level#5 (level%1:06:00::), spirit level#1 (spirit_level%1:06:00::)
level-n	6	a flat surface at right angles to a plumb line	park the car on the level.	level%1:06:03::	horizontal surface#1 (horizontal_surface%1:06:00::), level#6 (level%1:06:03::)
level-n	7	an abstract place usually conceived as having depth	a good actor communicates on several levels.  a simile has at least two layers of meaning.  the mind functions on many strata simultaneously.	level%1:09:00::	level#7 (level%1:09:00::), layer#3 (layer%1:09:00::), stratum#3 (stratum%1:09:00::)
level-n	8	a structure consisting of a room or set of rooms at a single position along a vertical scale	what level is the office on?.	level%1:06:01::	floor#2 (floor%1:06:01::), level#8 (level%1:06:01::), storey#1 (storey%1:06:00::), story#3 (story%1:06:00::)
life-n	1	a characteristic state or mode of living	social life.  city life.  real life.	life%1:26:01::	life#1 (life%1:26:01::)
life-n	2	the experience of being alive; the course of human events and activities	he could no longer cope with the complexities of life.	life%1:09:00::	life#2 (life%1:09:00::), living#1 (living%1:09:00::)
life-n	3	the course of existence of an individual; the actions and events that occur in living	he hoped for a new life in Australia.  he wanted to live his own life without interference from others.  get a life! he is trying to rebuild his life.	life%1:26:02::	life#3 (life%1:26:02::)
life-n	4	the condition of living or the state of being alive	while there's life there's hope.  life depends on many chemical and physical processes.	life%1:26:00::	animation#1 (animation%1:26:00::), life#4 (life%1:26:00::), living#3 (living%1:26:00::), aliveness#1 (aliveness%1:26:00::)
life-n	5	the period during which something is functional (as between birth and death)	the battery had a short life.  he lived a long and happy life.	life%1:28:00::	life#5 (life%1:28:00::), lifetime#1 (lifetime%1:28:00::), life-time#1 (life-time%1:28:00::), lifespan#1 (lifespan%1:28:00::)
life-n	6	the period between birth and the present time	I have known him all his life.	life%1:28:01::	life#6 (life%1:28:01::)
life-n	7	the period from the present until death	he appointed himself emperor for life.	life%1:28:02::	life#7 (life%1:28:02::)
life-n	8	a living person	his heroism saved a life.	life%1:18:00::	life#8 (life%1:18:00::)
life-n	9	animation and energy in action or expression	it was a heavy play and the actors tried in vain to give life to it.	life%1:07:01::	liveliness#2 (liveliness%1:07:00::), life#9 (life%1:07:01::), spirit#7 (spirit%1:07:02::), sprightliness#1 (sprightliness%1:07:00::)
life-n	10	living things collectively	the oceans are teeming with life.	life%1:03:00::	life#10 (life%1:03:00::)
life-n	11	the organic phenomenon that distinguishes living organisms from nonliving ones	there is no life on the moon.	life%1:19:00::	life#11 (life%1:19:00::)
life-n	12	an account of the series of events making up a person's life		life%1:10:00::	biography#1 (biography%1:10:00::), life#12 (life%1:10:00::), life story#1 (life_story%1:10:00::), life history#1 (life_history%1:10:00::)
life-n	13	a motive for living	pottery was his life.	life%1:16:00::	life#13 (life%1:16:00::)
life-n	14	a prison term lasting as long as the prisoner lives	he got life for killing the guard.	life%1:28:03::	life sentence#1 (life_sentence%1:28:00::), life#14 (life%1:28:03::)
live-v	1	be an inhabitant of or reside in	People lived in Africa millions of years ago.  The people inhabited the islands that are now deserted.  this kind of fish dwells near the bottom of the ocean.  deer are populating the woods.	live%2:42:08::	populate#1 (populate%2:42:00::), dwell#3 (dwell%2:42:00::), live#1 (live%2:42:08::), inhabit#1 (inhabit%2:42:00::)
live-v	2	lead a certain kind of life; live in a certain style	we had to live frugally after the war.	live%2:42:06::	live#2 (live%2:42:06::)
live-v	3	continue to live and avoid dying	We went without water and food for 3 days.  These superstitions survive in the backwaters of America.  The race car driver lived through several very serious accidents.  how long can a person last without food and water? One crash victim died, the other lived.	live%2:42:04::	survive#1 (survive%2:42:01::), last#2 (last%2:42:01::), live#3 (live%2:42:04::), live on#1 (live_on%2:42:00::), go#15 (go%2:42:14::), endure#3 (endure%2:42:00::), hold up#5 (hold_up%2:42:00::), hold out#5 (hold_out%2:42:00::)
live-v	4	support oneself	he could barely exist on such a low wage.  Can you live on $2000 a month in New York City?.  Many people in the world have to subsist on $1 a day.	live%2:42:01::	exist#2 (exist%2:42:01::), survive#3 (survive%2:42:00::), live#4 (live%2:42:01::), subsist#1 (subsist%2:42:00::)
live-v	5	have life, be alive	Our great leader is no more.  My grandfather lived until the end of war.	live%2:42:00::	be#11 (be%2:42:01::), live#5 (live%2:42:00::)
live-v	6	have firsthand knowledge of states, situations, emotions, or sensations	I know the feeling!.  have you ever known hunger?.  I have lived a kind of hell when I was a drug addict.  The holocaust survivors have lived a nightmare.  I lived through two divorces.	live%2:31:00::	know#5 (know%2:31:04::), experience#2 (experience%2:31:00::), live#6 (live%2:31:00::)
live-v	7	pursue a positive and satisfying existence	You must accept yourself and others if you really want to live.	live%2:42:07::	live#7 (live%2:42:07::)
long-j	1	primarily temporal sense; being or indicating a relatively great or greater than average duration or passage of time or a duration as specified	a long life.  a long boring speech.  a long time.  a long friendship.  a long game.  long ago.  an hour long.	long%3:00:02::	long#1 (long%3:00:02::)
long-j	2	primarily spatial sense; of relatively great or greater than average spatial extension or extension as specified	a long road.  a long distance.  contained many long words.  ten miles long.	long%3:00:01::	long#2 (long%3:00:01::)
long-j	3	of relatively great height	a race of long gaunt men- Sherwood Anderson.  looked out the long French windows.	long%3:00:00:tall:00	long#3 (long%3:00:00:tall:00)
long-j	4	good at remembering	a retentive mind.  tenacious memory.	long%3:00:00::	retentive#1 (retentive%3:00:00::), recollective#1 (recollective%3:00:00::), long#4 (long%3:00:00::), tenacious#1 (tenacious%3:00:00::)
long-j	5	holding securities or commodities in expectation of a rise in prices	is long on coffee.  a long position in gold.	long%3:00:05::	long#5 (long%3:00:05::)
long-j	6	(of speech sounds or syllables) of relatively long duration	the English vowel sounds in `bate', `beat', `bite', `boat', `boot' are long.	long%3:00:04::	long#6 (long%3:00:04::)
long-j	7	involving substantial risk	long odds.	long%3:00:00:unsound:00	long#7 (long%3:00:00:unsound:00)
long-j	8	planning prudently for the future	large goals that required farsighted policies.  took a long view of the geopolitical issues.	long%3:00:00:provident:00	farseeing#2 (farseeing%3:00:00:provident:00), farsighted#2 (farsighted%3:00:00:provident:00), foresighted#1 (foresighted%3:00:00:provident:00), foresightful#1 (foresightful%3:00:00:provident:00), prospicient#1 (prospicient%3:00:00:provident:00), long#8 (long%3:00:00:provident:00), longsighted#2 (longsighted%3:00:00:provident:00)
long-j	9	having or being more than normal or necessary	in long supply.	long%3:00:00:abundant:00	long#9 (long%3:00:00:abundant:00)       long on brains
lose-v	1	fail to keep or to maintain; cease to have, either physically or in an abstract sense	She lost her purse when she left it unattended on her seat.	lose%2:40:02::	lose#1 (lose%2:40:02::)
lose-v	2	fail to win	We lost the battle but we won the war.	lose%2:33:00::	lose#2 (lose%2:33:00::)
lose-v	3	suffer the loss of a person through death or removal	She lost her husband in the war.  The couple that wanted to adopt the child lost her when the biological parents claimed her.	lose%2:37:00::	lose#3 (lose%2:37:00::)
lose-v	4	place (something) where one cannot find it again	I misplaced my eyeglasses.	lose%2:35:00::	misplace#1 (misplace%2:35:01::), mislay#1 (mislay%2:35:00::), lose#4 (lose%2:35:00::)
lose-v	5	miss from one's possessions; lose sight of	I've lost my glasses again!.	lose%2:40:01::	lose#5 (lose%2:40:01::)
lose-v	6	allow to go out of sight	The detective lost the man he was shadowing after he had to stop at a red light.	lose%2:39:00::	lose#6 (lose%2:39:00::)
lose-v	7	fail to make money in a business; make a loss or fail to profit	I lost thousands of dollars on that bad investment!.  The company turned a loss after the first year.	lose%2:40:06::	lose#7 (lose%2:40:06::), turn a loss#1 (turn_a_loss%2:40:00::)
lose-v	8	fail to get or obtain	I lost the opportunity to spend a year abroad.	lose%2:40:00::	lose#8 (lose%2:40:00::)
lose-v	9	retreat		lose%2:33:01::	fall back#4 (fall_back%2:33:00::), lose#9 (lose%2:33:01::), drop off#4 (drop_off%2:33:00::), fall behind#1 (fall_behind%2:33:00::), recede#2 (recede%2:33:00::)
lose-v	10	fail to perceive or to catch with the senses or the mind	I missed that remark.  She missed his point.  We lost part of what he said.	lose%2:39:01::	miss#1 (miss%2:39:00::), lose#10 (lose%2:39:01::)
lose-v	11	be set at a disadvantage	This author really suffers in translation.	lose%2:30:03::	suffer#11 (suffer%2:30:02::), lose#11 (lose%2:30:03::)
meet-v	1	come together	I'll probably see you at the meeting.  How nice to see you again!.	meet%2:38:01::	meet#1 (meet%2:38:01::), run into#4 (run_into%2:38:01::), encounter#1 (encounter%2:38:00::), run across#1 (run_across%2:38:00::), come across#3 (come_across%2:38:00::), see#8 (see%2:38:00::)
meet-v	2	get together socially or for a specific purpose		meet%2:41:01::	meet#2 (meet%2:41:01::), get together#2 (get_together%2:41:01::)
meet-v	3	be adjacent or come together	The lines converge at this point.	meet%2:42:02::	converge#1 (converge%2:42:00::), meet#3 (meet%2:42:02::)
meet-v	4	fill or meet a want or need		meet%2:34:00::	meet#4 (meet%2:34:00::), satisfy#3 (satisfy%2:34:01::), fill#5 (fill%2:34:02::), fulfill#3 (fulfill%2:34:00::), fulfil#2 (fulfil%2:34:00::)
meet-v	5	satisfy a condition or restriction	Does this paper meet the requirements for the degree?.	meet%2:42:01::	meet#5 (meet%2:42:01::), fit#3 (fit%2:42:01::), conform to#1 (conform_to%2:42:01::)
meet-v	6	satisfy or fulfill	meet a need.  this job doesn't match my dreams.	meet%2:41:02::	meet#6 (meet%2:41:02::), match#6 (match%2:41:00::), cope with#1 (cope_with%2:41:00::)
meet-v	7	collect in one place	We assembled in the church basement.  Let's gather in the dining room.	meet%2:41:00::	meet#7 (meet%2:41:00::), gather#2 (gather%2:41:00::), assemble#2 (assemble%2:41:00::), forgather#1 (forgather%2:41:00::), foregather#1 (foregather%2:41:00::)
meet-v	8	get to know; get acquainted with	I met this really handsome guy at a bar last night!.  we met in Singapore.	meet%2:41:03::	meet#8 (meet%2:41:03::)
meet-v	9	meet by design; be present at the arrival of	Can you meet me at the train station?.	meet%2:38:06::	meet#9 (meet%2:38:06::)
meet-v	10	contend against an opponent in a sport, game, or battle	Princeton plays Yale this weekend.  Charlie likes to play Mary.	meet%2:33:00::	meet#10 (meet%2:33:00::), encounter#5 (encounter%2:33:00::), play#34 (play%2:33:02::), take on#5 (take_on%2:33:01::)
meet-v	11	experience as a reaction	My proposal met with much opposition.	meet%2:42:00::	meet#11 (meet%2:42:00::), encounter#4 (encounter%2:42:02::), receive#9 (receive%2:42:00::)
meet-v	12	undergo or suffer	meet a violent death.  suffer a terrible fate.	meet%2:39:00::	suffer#10 (suffer%2:39:02::), meet#12 (meet%2:39:00::)
meet-v	13	be in direct physical contact with; make contact	The two buildings touch.  Their hands touched.  The wire must not contact the metal cover.  The surfaces contact at this point.	meet%2:35:00::	touch#5 (touch%2:35:01::), adjoin#2 (adjoin%2:35:03::), meet#13 (meet%2:35:00::), contact#2 (contact%2:35:03::)
normal-j	1	conforming with or constituting a norm or standard or level or type or social norm; not abnormal	serve wine at normal room temperature.  normal diplomatic relations.  normal working hours.  normal word order.  normal curiosity.  the normal course of events.	normal%3:00:01::	normal#1 (normal%3:00:01::)
normal-j	2	in accordance with scientific laws		normal%3:00:02::	normal#2 (normal%3:00:02::)
normal-j	3	being approximately average or within certain limits in e.g. intelligence and development	a perfectly normal child.  of normal intelligence.  the most normal person I've ever met.	normal%3:00:03::	normal#3 (normal%3:00:03::)
normal-j	4	forming a right angle		normal%3:00:00:perpendicular:00	normal#4 (normal%3:00:00:perpendicular:00)
number-n	1	the property possessed by a sum or total or indefinite quantity of units or individuals	the number of parameters is small.  the figure was about a thousand.	number%1:07:00::	number#1 (number%1:07:00::), figure#9 (figure%1:07:01::)
number-n	2	a concept of quantity involving zero and units	every number has a unique position in the sequence.	number%1:23:00::	number#2 (number%1:23:00::)
number-n	3	a short performance that is part of a longer program	he did his act three times every evening.  she had a catchy little routine.  it was one of the best numbers he ever did.	number%1:10:04::	act#4 (act%1:10:02::), routine#2 (routine%1:10:01::), number#3 (number%1:10:04::), turn#10 (turn%1:10:00::), bit#9 (bit%1:10:00::)
number-n	4	the number is used in calling a particular telephone	he has an unlisted number.	number%1:10:03::	phone number#1 (phone_number%1:10:00::), telephone number#1 (telephone_number%1:10:00::), number#4 (number%1:10:03::)
number-n	5	a symbol used to represent a number	he learned to write the numerals before he went to school.	number%1:10:01::	numeral#1 (numeral%1:10:00::), number#5 (number%1:10:01::)
number-n	6	one of a series published periodically	she found an old issue of the magazine in her dentist's waiting room.	number%1:10:00::	issue#2 (issue%1:10:00::), number#6 (number%1:10:00::)
number-n	7	a select company of people	I hope to become one of their number before I die.	number%1:14:00::	number#7 (number%1:14:00::)
number-n	8	a numeral or string of numerals that is used for identification and may be attached to accounts, memberships, etc.	she refused to give them her Social Security number.	number%1:10:02::	number#8 (number%1:10:02::)
number-n	9	a clothing measurement	a number 13 shoe.	number%1:07:01::	number#9 (number%1:07:01::)
number-n	10	a numbered item in a series	take the number 2 to the main square, then change to the number 5.	number%1:10:07::	number#10 (number%1:10:07::)
number-n	11	the grammatical category for the forms of nouns and pronouns and verbs that are used depending on the number of entities involved (singular or dual or plural)	in English the subject and the verb must agree in number.	number%1:10:05::	number#11 (number%1:10:05::)
number-n	12	an item of clothing	she preferred the black nylon number.  this sweater is an all-wool number.	number%1:06:00::	number#12 (number%1:06:00::)
paper-n	1	a material made of cellulose pulp derived mainly from wood or rags or certain grasses		paper%1:27:00::	paper#1 (paper%1:27:00::)
paper-n	2	an essay (especially one written as an assignment)	he got an A on his composition.	paper%1:10:01::	composition#8 (composition%1:10:00::), paper#2 (paper%1:10:01::), report#6 (report%1:10:02::), theme#4 (theme%1:10:01::)
paper-n	3	a daily or weekly publication on folded sheets; contains news and articles and advertisements	he read his newspaper at breakfast.	paper%1:10:03::	newspaper#1 (newspaper%1:10:00::), paper#3 (paper%1:10:03::)
paper-n	4	a medium for written communication	the notion of an office running without paper is absurd.	paper%1:10:00::	paper#4 (paper%1:10:00::)
paper-n	5	a scholarly article describing the results of observations or stating hypotheses	he has written many scientific papers.	paper%1:10:02::	paper#5 (paper%1:10:02::)
paper-n	6	a business firm that publishes newspapers	Murdoch owns many newspapers.	paper%1:14:00::	newspaper#2 (newspaper%1:14:00::), paper#6 (paper%1:14:00::), newspaper publisher#2 (newspaper_publisher%1:14:00::)
paper-n	7	the physical object that is the product of a newspaper publisher	when it began to rain he covered his head with a newspaper.	paper%1:06:00::	newspaper#3 (newspaper%1:06:00::), paper#7 (paper%1:06:00::)
particular-j	1	unique or specific to a person or thing or category	the particular demands of the job.  has a particular preference for Chinese art.  a peculiar bond of sympathy between them.  an expression peculiar to Canadians.  rights peculiar to the rich.  the special features of a computer.  my own special chair.	particular%3:00:00:specific:00	particular#1 (particular%3:00:00:specific:00), peculiar#2 (peculiar%3:00:00:specific:00), special#1 (special%3:00:01:specific:00)
particular-j	2	separate and distinct from others of the same group or category	interested in one particular artist.  a man who wishes to make a particular woman fall in love with him.	particular%3:00:02:specific:00	particular#2 (particular%3:00:02:specific:00)
particular-j	3	surpassing what is common or usual or expected	he paid especial attention to her.  exceptional kindness.  a matter of particular and unusual importance.  a special occasion.  a special reason to confide in her.  what's so special about the year 2000?.	particular%3:00:00:uncommon:00	especial#1 (especial%3:00:00:uncommon:00), exceptional#2 (exceptional%3:00:00:uncommon:00), particular#3 (particular%3:00:00:uncommon:00), special#3 (special%3:00:00:uncommon:00)
particular-j	4	first and most important	his special interest is music.  she gets special (or particular) satisfaction from her volunteer work.	particular%3:00:00:primary:00	particular#4 (particular%3:00:00:primary:00), special#6 (special%3:00:00:primary:00)
particular-j	5	exacting especially about details	a finicky eater.  fussy about clothes.  very particular about how her food was prepared.	particular%3:00:00:fastidious:00	finical#1 (finical%3:00:00:fastidious:00), finicky#1 (finicky%3:00:00:fastidious:00), fussy#3 (fussy%3:00:01:fastidious:00), particular#5 (particular%3:00:00:fastidious:00), picky#1 (picky%3:00:00:fastidious:00)
particular-j	6	providing specific details or circumstances	a particular description of the room.	particular%3:00:00:careful:00	particular#6 (particular%3:00:00:careful:00)
poor-j	1	deserving or inciting pity	a hapless victim.  miserable victims of war.  the shabby room struck her as extraordinarily pathetic- Galsworthy.  piteous appeals for help.  pitiable homeless children.  a pitiful fate.  Oh, you poor thing.  his poor distorted limbs.  a wretched life.	poor%3:00:00:unfortunate:00	hapless#1 (hapless%3:00:00:unfortunate:00), miserable#2 (miserable%3:00:00:unfortunate:00), misfortunate#1 (misfortunate%3:00:00:unfortunate:00), pathetic#1 (pathetic%3:00:00:unfortunate:00), piteous#1 (piteous%3:00:00:unfortunate:00), pitiable#2 (pitiable%3:00:00:unfortunate:00), pitiful#3 (pitiful%3:00:00:unfortunate:00), poor#1 (poor%3:00:00:unfortunate:00), wretched#5 (wretched%3:00:00:unfortunate:00)
poor-j	2	having little money or few possessions	deplored the gap between rich and poor countries.  the proverbial poor artist living in a garret.	poor%3:00:00::	poor#2 (poor%3:00:00::)
poor-j	3	characterized by or indicating poverty	the country had a poor economy.  they lived in the poor section of town.	poor%3:00:03::	poor#3 (poor%3:00:03::)
poor-j	4	lacking in quality or substances	a poor land.  the area was poor in timber and coal.  food poor in nutritive value.  the food in the cafeteria was of poor quality.	poor%3:00:02::	poor#4 (poor%3:00:02::)
poor-j	5	of insufficient quantity to meet a need	an inadequate income.  a poor salary.  money is short.  on short rations.  food is in short supply.  short on experience.  the jejune diets of the very poor.	poor%3:00:00:insufficient:00	inadequate#2 (inadequate%3:00:00:insufficient:00), poor#5 (poor%3:00:00:insufficient:00), short#4 (short%3:00:00:insufficient:00), jejune#1 (jejune%3:00:00:insufficient:00)
read-v	1	interpret something that is written or printed	read the advertisement.  Have you read Salman Rushdie?.	read%2:31:00::	read#1 (read%2:31:00::)
read-v	2	have or contain a certain wording or form	The passage reads as follows.  What does the law say?.	read%2:42:00::	read#2 (read%2:42:00::), say#4 (say%2:42:00::)
read-v	3	look at, interpret, and say out loud something that is written or printed	The King will read the proclamation at noon.	read%2:31:01::	read#3 (read%2:31:01::)
read-v	4	obtain data from magnetic tapes	This dictionary can be read by the computer.	read%2:31:06::	read#4 (read%2:31:06::), scan#7 (scan%2:31:00::)
read-v	5	interpret the significance of, as of palms, tea leaves, intestines, the sky; also of human behavior	She read the sky and predicted rain.  I can't read his strange behavior.  The fortune teller read his fate in the crystal ball.	read%2:31:02::	read#5 (read%2:31:02::)
read-v	6	interpret something in a certain way; convey a particular meaning or impression	I read this address as a satire.  How should I take this message?.  You can't take credit for this!.	read%2:31:09::	take#6 (take%2:31:07::), read#6 (read%2:31:09::)
read-v	7	be a student of a certain subject	She is reading for the bar exam.	read%2:31:05::	learn#4 (learn%2:31:02::), study#4 (study%2:31:00::), read#7 (read%2:31:05::), take#25 (take%2:31:02::)
read-v	8	indicate a certain reading; of gauges and instruments	The thermometer showed thirteen degrees below zero.  The gauge read `empty'.	read%2:32:02::	read#8 (read%2:32:02::), register#5 (register%2:32:00::), show#9 (show%2:32:04::), record#3 (record%2:32:03::)
read-v	9	audition for a stage role by reading parts of a role	He is auditioning for `Julius Caesar' at Stratford this year.	read%2:36:05::	read#9 (read%2:36:05::)
read-v	10	to hear and understand	I read you loud and clear!.	read%2:31:08::	read#10 (read%2:31:08::)
read-v	11	make sense of a language	She understands French.  Can you read Greek?.	read%2:31:04::	understand#3 (understand%2:31:03::), read#11 (read%2:31:04::), interpret#6 (interpret%2:31:02::), translate#3 (translate%2:31:00::)
say-v	1	express in words	He said that he wanted to marry her.  tell me what is bothering you.  state your opinion.  state your name.	say%2:32:00::	state#1 (state%2:32:00::), say#1 (say%2:32:00::), tell#1 (tell%2:32:04::)
say-v	2	report or maintain	He alleged that he was the victim of a crime.  He said it was too late to intervene in the war.  The registrar says that I owe the school money.	say%2:32:01::	allege#1 (allege%2:32:00::), aver#1 (aver%2:32:01::), say#2 (say%2:32:01::)
say-v	3	express a supposition	Let us say that he did not tell the truth.  Let's say you had a lot of money--what would you do?.	say%2:32:03::	suppose#1 (suppose%2:32:00::), say#3 (say%2:32:03::)
say-v	4	have or contain a certain wording or form	The passage reads as follows.  What does the law say?.	say%2:42:00::	read#2 (read%2:42:00::), say#4 (say%2:42:00::)
say-v	5	give instructions to or direct somebody to do something with authority	I said to him to go home.  She ordered him to do the shopping.  The mother told the child to get dressed.	say%2:32:04::	order#1 (order%2:32:01::), tell#4 (tell%2:32:02::), enjoin#2 (enjoin%2:32:00::), say#5 (say%2:32:04::)
say-v	6	speak, pronounce, or utter in a certain way	She pronounces French words in a funny way.  I cannot say `zip wire'.  Can the child sound out this complicated word?.	say%2:32:02::	pronounce#1 (pronounce%2:32:01::), articulate#3 (articulate%2:32:00::), enounce#1 (enounce%2:32:00::), sound out#1 (sound_out%2:32:01::), enunciate#1 (enunciate%2:32:01::), say#6 (say%2:32:02::)
say-v	7	communicate or express nonverbally	What does this painting say?.  Did his face say anything about how he felt?.	say%2:32:07::	say#7 (say%2:32:07::)
say-v	8	utter aloud	She said `Hello' to everyone in the office.	say%2:32:15::	say#8 (say%2:32:15::)
say-v	9	state as one's opinion or judgement; declare	I say let's forget this whole business.	say%2:32:13::	say#9 (say%2:32:13::)
say-v	10	recite or repeat a fixed text	Say grace.  She said her `Hail Mary'.	say%2:32:08::	say#10 (say%2:32:08::)
say-v	11	indicate	The clock says noon.	say%2:32:09::	say#11 (say%2:32:09::)
sense-n	1	a general conscious awareness	a sense of security.  a sense of happiness.  a sense of danger.  a sense of self.	sense%1:09:05::	sense#1 (sense%1:09:05::)
sense-n	2	the meaning of a word or expression; the way in which a word or expression or situation can be interpreted	the dictionary gave several senses for the word.  in the best sense charity is really a duty.  the signifier is linked to the signified.	sense%1:10:00::	sense#2 (sense%1:10:00::), signified#1 (signified%1:10:00::)
sense-n	3	the faculty through which the external world is apprehended	in the dark he had to depend on touch and on his senses of smell and hearing.	sense%1:09:02::	sense#3 (sense%1:09:02::), sensation#5 (sensation%1:09:01::), sentience#2 (sentience%1:09:00::), sentiency#1 (sentiency%1:09:00::), sensory faculty#1 (sensory_faculty%1:09:00::)
sense-n	4	sound practical judgment	Common sense is not so common.  he hasn't got the sense God gave little green apples.  fortunately she had the good sense to run away.	sense%1:09:04::	common sense#1 (common_sense%1:09:00::), good sense#1 (good_sense%1:09:00::), gumption#1 (gumption%1:09:00::), horse sense#1 (horse_sense%1:09:00::), sense#4 (sense%1:09:04::), mother wit#1 (mother_wit%1:09:00::)
sense-n	5	a natural appreciation or ability	a keen musical sense.  a good sense of timing.	sense%1:09:06::	sense#5 (sense%1:09:06::)
serve-v	1	serve a purpose, role, or function	The tree stump serves as a table.  The female students served as a control group.  This table would serve very well.  His freedom served him well.  The table functions as a desk.	serve%2:42:03::	serve#1 (serve%2:42:03::), function#2 (function%2:42:12::)
serve-v	2	do duty or hold offices; serve in a specific function	He served as head of the department for three years.  She served in Congress for two terms.	serve%2:33:00::	serve#2 (serve%2:33:00::)
serve-v	3	contribute or conduce to	The scandal served to increase his popularity.	serve%2:42:01::	serve#3 (serve%2:42:01::)
serve-v	4	be used by; as of a utility	The sewage plant served the neighboring communities.  The garage served to shelter his horses.	serve%2:41:00::	service#1 (service%2:41:00::), serve#4 (serve%2:41:00::)
serve-v	5	help to some food; help with food or drink	I served him three times, and after that he helped himself.	serve%2:34:01::	serve#5 (serve%2:34:01::), help#5 (help%2:34:00::)
serve-v	6	provide (usually but not necessarily food)	We serve meals for the homeless.  She dished out the soup at 8 P.M..  The entertainers served up a lively show.	serve%2:34:00::	serve#6 (serve%2:34:00::), serve up#1 (serve_up%2:34:00::), dish out#2 (dish_out%2:34:00::), dish up#1 (dish_up%2:34:00::), dish#1 (dish%2:34:00::)
serve-v	7	devote (part of) one's life or efforts to, as of countries, institutions, or ideas	She served the art of music.  He served the church.  serve the country.	serve%2:41:02::	serve#7 (serve%2:41:02::)
serve-v	8	promote, benefit, or be useful or beneficial to	Art serves commerce.  Their interests are served.  The lake serves recreation.  The President's wisdom has served the country well.	serve%2:42:02::	serve#8 (serve%2:42:02::), serve well#1 (serve_well%2:42:00::)
serve-v	9	spend time in prison or in a labor camp	He did six years for embezzlement.	serve%2:42:00::	serve#9 (serve%2:42:00::), do#10 (do%2:42:02::)
serve-v	10	work for or be a servant to	May I serve you?.  She attends the old lady in the wheelchair.  Can you wait on our table, please?.  Is a salesperson assisting you?.  The minister served the King for many years.	serve%2:41:01::	serve#10 (serve%2:41:01::), attend to#2 (attend_to%2:41:01::), wait on#1 (wait_on%2:41:00::), attend#4 (attend%2:41:00::), assist#3 (assist%2:41:01::)
serve-v	11	deliver a warrant or summons to someone	He was processed by the sheriff.	serve%2:35:00::	serve#11 (serve%2:35:00::), process#7 (process%2:35:00::), swear out#1 (swear_out%2:35:00::)
serve-v	12	be sufficient; be adequate, either in quality or quantity	A few words would answer.  This car suits my purpose well.  Will $100 do?.  A `B' grade doesn't suffice to get me into medical school.  Nothing else will serve.	serve%2:42:12::	suffice#1 (suffice%2:42:00::), do#7 (do%2:42:01::), answer#7 (answer%2:42:02::), serve#12 (serve%2:42:12::)
serve-v	13	do military service	She served in Vietnam.  My sons never served, because they are short-sighted.	serve%2:41:13::	serve#13 (serve%2:41:13::)
serve-v	14	mate with	male animals serve the females for breeding purposes.	serve%2:35:01::	serve#14 (serve%2:35:01::), service#3 (service%2:35:00::)
serve-v	15	put the ball into play	It was Agassi's turn to serve.	serve%2:33:01::	serve#15 (serve%2:33:01::)
show-v	1	give an exhibition of to an interested audience	She shows her dogs frequently.  We will demo the new software in Washington.	show%2:39:02::	show#1 (show%2:39:02::), demo#1 (demo%2:39:00::), exhibit#3 (exhibit%2:39:00::), present#1 (present%2:39:00::), demonstrate#1 (demonstrate%2:39:01::)
show-v	2	establish the validity of something, as by an example, explanation or experiment	The experiment demonstrated the instability of the compound.  The mathematician showed the validity of the conjecture.	show%2:31:00::	prove#2 (prove%2:31:00::), demonstrate#2 (demonstrate%2:31:00::), establish#3 (establish%2:31:00::), show#2 (show%2:31:00::), shew#1 (shew%2:31:00::)
show-v	3	provide evidence for	The blood test showed that he was the father.  Her behavior testified to her incompetence.	show%2:32:00::	testify#2 (testify%2:32:02::), bear witness#1 (bear_witness%2:32:02::), prove#3 (prove%2:32:00::), evidence#2 (evidence%2:32:01::), show#3 (show%2:32:00::)
show-v	4	make visible or noticeable	She showed her talent for cooking.  Show me your etchings, please.	show%2:39:00::	show#4 (show%2:39:00::)
show-v	5	show in, or as in, a picture	This scene depicts country life.  the face of the child is rendered with much tenderness in this painting.	show%2:36:00::	picture#2 (picture%2:36:00::), depict#1 (depict%2:36:00::), render#9 (render%2:36:04::), show#5 (show%2:36:00::)
show-v	6	give expression to	She showed her disappointment.	show%2:32:02::	express#1 (express%2:32:01::), show#6 (show%2:32:02::), evince#1 (evince%2:32:00::)
show-v	7	indicate a place, direction, person, or thing; either spatially or figuratively	I showed the customer the glove section.  He pointed to the empty parking space.  he indicated his opponents.	show%2:32:01::	indicate#2 (indicate%2:32:03::), point#1 (point%2:32:00::), designate#3 (designate%2:32:03::), show#7 (show%2:32:01::)
show-v	8	be or become visible or noticeable	His good upbringing really shows.  The dirty side will show.	show%2:39:01::	show#8 (show%2:39:01::), show up#2 (show_up%2:39:00::)
show-v	9	indicate a certain reading; of gauges and instruments	The thermometer showed thirteen degrees below zero.  The gauge read `empty'.	show%2:32:04::	read#8 (read%2:32:02::), register#5 (register%2:32:00::), show#9 (show%2:32:04::), record#3 (record%2:32:03::)
show-v	10	give evidence of, as of records	The diary shows his distress that evening.	show%2:32:03::	show#10 (show%2:32:03::)
show-v	11	take (someone) to their seats, as in theaters or auditoriums	The usher showed us to our seats.	show%2:38:00::	usher#1 (usher%2:38:00::), show#11 (show%2:38:00::)
show-v	12	finish third or better in a horse or dog race	he bet $2 on number six to show.	show%2:33:00::	show#12 (show%2:33:00::)
suggest-v	1	make a proposal, declare a plan for something	the senator proposed to abolish the sales tax.	suggest%2:32:00::	propose#1 (propose%2:32:00::), suggest#1 (suggest%2:32:00::), advise#3 (advise%2:32:02::)
suggest-v	2	drop a hint; intimate by a hint		suggest%2:32:04::	hint#1 (hint%2:32:00::), suggest#2 (suggest%2:32:04::)
suggest-v	3	imply as a possibility	The evidence suggests a need for more clarification.	suggest%2:32:02::	suggest#3 (suggest%2:32:02::), intimate#2 (intimate%2:32:01::)
suggest-v	4	call to mind	this remark evoked sadness.	suggest%2:32:01::	suggest#4 (suggest%2:32:01::), evoke#5 (evoke%2:32:01::), paint a picture#1 (paint_a_picture%2:32:00::)
tell-v	1	express in words	He said that he wanted to marry her.  tell me what is bothering you.  state your opinion.  state your name.	tell%2:32:04::	state#1 (state%2:32:00::), say#1 (say%2:32:00::), tell#1 (tell%2:32:04::)
tell-v	2	let something be known	Tell them that you will be late.	tell%2:32:00::	tell#2 (tell%2:32:00::)
tell-v	3	narrate or give a detailed account of	Tell what happened.  The father told a story to his child.	tell%2:32:01::	tell#3 (tell%2:32:01::), narrate#2 (narrate%2:32:00::), recount#1 (recount%2:32:00::), recite#4 (recite%2:32:01::)
tell-v	4	give instructions to or direct somebody to do something with authority	I said to him to go home.  She ordered him to do the shopping.  The mother told the child to get dressed.	tell%2:32:02::	order#1 (order%2:32:01::), tell#4 (tell%2:32:02::), enjoin#2 (enjoin%2:32:00::), say#5 (say%2:32:04::)
tell-v	5	discern or comprehend	He could tell that she was unhappy.	tell%2:31:00::	tell#5 (tell%2:31:00::)
tell-v	6	inform positively and with certainty and confidence	I tell you that man is a crook!.	tell%2:32:08::	assure#2 (assure%2:32:00::), tell#6 (tell%2:32:08::)
tell-v	7	give evidence	he was telling on all his former colleague.	tell%2:32:03::	tell#7 (tell%2:32:03::), evidence#3 (evidence%2:32:02::)
tell-v	8	mark as different	We distinguish several kinds of maple.	tell%2:31:01::	distinguish#1 (distinguish%2:31:00::), separate#3 (separate%2:31:01::), differentiate#1 (differentiate%2:31:01::), secern#1 (secern%2:31:01::), secernate#1 (secernate%2:31:00::), severalize#2 (severalize%2:31:00::), severalise#2 (severalise%2:31:00::), tell#8 (tell%2:31:01::), tell apart#2 (tell_apart%2:31:00::)
time-n	1	an instance or single occasion for some event	this time he succeeded.  he called four times.  he could do ten at a clip.	time%1:11:00::	time#1 (time%1:11:00::), clip#2 (clip%1:11:00::)
time-n	2	a period of time considered as a resource under your control and sufficient to accomplish something	take time to smell the roses.  I didn't have time to finish.  it took more than half my time.	time%1:28:05::	time#2 (time%1:28:05::)
time-n	3	an indefinite period (usually marked by specific attributes or activities)	he waited a long time.  the time of year for planting.  he was a great actor in his time.	time%1:28:00::	time#3 (time%1:28:00::)
time-n	4	a suitable moment	it is time to go.	time%1:28:06::	time#4 (time%1:28:06::)
time-n	5	the continuum of experience in which events pass from the future through the present to the past		time%1:03:00::	time#5 (time%1:03:00::)
time-n	6	a person's experience on a particular occasion	he had a time holding back the tears.  they had a good time together.	time%1:11:01::	time#6 (time%1:11:01::)
time-n	7	a reading of a point in time as given by a clock	do you know what time it is?.  the time is 10 o'clock.	time%1:28:03::	clock time#1 (clock_time%1:28:00::), time#7 (time%1:28:03::)
time-n	8	the fourth coordinate that is required (along with three spatial dimensions) to specify a physical event		time%1:28:04::	fourth dimension#1 (fourth_dimension%1:28:00::), time#8 (time%1:28:04::)
time-n	9	rhythm as given by division into parts of equal duration		time%1:07:01::	meter#4 (meter%1:07:00::), metre#3 (metre%1:07:00::), time#9 (time%1:07:01::)
time-n	10	the period of time a prisoner is imprisoned	he served a prison term of 15 months.  his sentence was 5 to 10 years.  he is doing time in the county jail.	time%1:28:01::	prison term#1 (prison_term%1:28:00::), sentence#3 (sentence%1:28:00::), time#10 (time%1:28:01::)
wait-v	1	stay in one place and anticipate or expect something	I had to wait on line for an hour to get the tickets.	wait%2:42:00::	wait#1 (wait%2:42:00::)
wait-v	2	wait before acting	the scientists held off announcing their results until they repeated the experiment.	wait%2:42:01::	wait#2 (wait%2:42:01::), hold off#2 (hold_off%2:42:00::), hold back#3 (hold_back%2:42:00::)
wait-v	3	look forward to the probable occurrence of	We were expecting a visit from our relatives.  She is looking to a promotion.  he is waiting to be drafted.	wait%2:31:00::	expect#3 (expect%2:31:01::), look#8 (look%2:31:00::), await#1 (await%2:31:00::), wait#3 (wait%2:31:00::)
wait-v	4	serve as a waiter or waitress in a restaurant	I'm waiting on tables at Maxim's.	wait%2:41:00::	wait#4 (wait%2:41:00::), waitress#1 (waitress%2:41:00::)
way-n	1	how something is done or how it happens	her dignified manner.  his rapid manner of talking.  their nomadic mode of existence.  in the characteristic New York style.  a lonely way of life.  in an abrasive fashion.	way%1:07:01::	manner#1 (manner%1:07:02::), mode#1 (mode%1:07:00::), style#1 (style%1:07:00::), way#1 (way%1:07:01::), fashion#1 (fashion%1:07:00::)
way-n	2	thing or person that acts to produce a particular effect or achieve an end	a means of control.  an example is the best agency of instruction.  the true way to success.	way%1:04:01::	means#1 (means%1:04:00::), agency#5 (agency%1:04:00::), way#2 (way%1:04:01::)
way-n	3	a line leading to a place or point	he looked the other direction.  didn't know the way home.	way%1:15:00::	direction#1 (direction%1:15:00::), way#3 (way%1:15:00::)
way-n	4	the condition of things generally	that's the way it is.  I felt the same way.	way%1:26:00::	way#4 (way%1:26:00::)
way-n	5	a course of conduct	the path of virtue.  we went our separate ways.  our paths in life led us apart.  genius usually follows a revolutionary path.	way%1:04:00::	way#5 (way%1:04:00::), path#1 (path%1:04:00::), way of life#1 (way_of_life%1:04:00::)
way-n	6	any artifact consisting of a road or path affording passage from one place to another	he said he was looking for the way out.	way%1:06:00::	way#6 (way%1:06:00::)
way-n	7	a journey or passage	they are on the way.	way%1:04:02::	way#7 (way%1:04:02::)
way-n	8	space for movement	room to pass.  make way for.  hardly enough elbow room to turn around.	way%1:23:00::	room#2 (room%1:23:00::), way#8 (way%1:23:00::), elbow room#1 (elbow_room%1:23:00::)
way-n	9	the property of distance in general	it's a long way to Moscow.  he went a long ways.	way%1:07:02::	way#9 (way%1:07:02::)
way-n	10	doing as one pleases or chooses	if I had my way.	way%1:09:00::	way#10 (way%1:09:00::)
way-n	11	a general category of things; used in the expression `in the way of'	they didn't have much in the way of clothing.	way%1:09:01::	way#11 (way%1:09:01::)
way-n	12	a portion of something divided into shares	they split the loot three ways.	way%1:21:00::	way#12 (way%1:21:00::)
win-v	1	be the winner in a contest or competition; be victorious	He won the Gold Medal in skating.  Our home team won.  Win the game.	win%2:33:00::	win#1 (win%2:33:00::)
win-v	2	win something through one's efforts	I acquired a passing knowledge of Chinese.  Gain an understanding of international finance.	win%2:40:00::	acquire#5 (acquire%2:40:06::), win#2 (win%2:40:00::), gain#2 (gain%2:40:01::)
win-v	3	obtain advantages, such as points, etc.	The home team was gaining ground.  After defeating the Knicks, the Blazers pulled ahead of the Lakers in the battle for the number-one playoff berth in the Western Conference.	win%2:33:01::	gain#5 (gain%2:33:00::), advance#6 (advance%2:33:00::), win#3 (win%2:33:01::), pull ahead#1 (pull_ahead%2:33:00::), make headway#1 (make_headway%2:33:00::), get ahead#1 (get_ahead%2:33:00::), gain ground#1 (gain_ground%2:33:00::)
win-v	4	attain success or reach a desired goal	The enterprise succeeded.  We succeeded in getting tickets to the show.  she struggled to overcome her handicap and won.	win%2:41:04::	succeed#1 (succeed%2:41:00::), win#4 (win%2:41:04::), come through#4 (come_through%2:41:00::), bring home the bacon#1 (bring_home_the_bacon%2:41:00::), deliver the goods#1 (deliver_the_goods%2:41:00::)
window-n	1	a framework of wood or metal that contains a glass windowpane and is built into a wall or roof to admit light or air		window%1:06:00::	window#1 (window%1:06:00::)
window-n	2	a transparent opening in a vehicle that allow vision out of the sides or back; usually is capable of being opened		window%1:06:01::	window#2 (window%1:06:01::)
window-n	3	a transparent panel (as of an envelope) inserted in an otherwise opaque material		window%1:06:02::	window#3 (window%1:06:02::)
window-n	4	an opening that resembles a window in appearance or function	he could see them through a window in the trees.	window%1:17:00::	window#4 (window%1:17:00::)
window-n	5	the time period that is considered best for starting or finishing something	the expanded window will give us time to catch the thieves.  they had a window of less than an hour when an attack would have succeeded.	window%1:28:00::	window#5 (window%1:28:00::)
window-n	6	a pane of glass in a window	the ball shattered the window.	window%1:06:04::	windowpane#1 (windowpane%1:06:00::), window#6 (window%1:06:04::)
window-n	7	an opening in a wall or screen that admits light and air and through which customers can be served	he stuck his head in the window.	window%1:06:05::	window#7 (window%1:06:05::)
window-n	8	(computer science) a rectangular part of a computer screen that contains a display different from the rest of the screen		window%1:06:03::	window#8 (window%1:06:03::)
work-n	1	activity directed toward making or doing something	she checked several points needing further work.	work%1:04:00::	work#1 (work%1:04:00::)
work-n	2	a product produced or accomplished through the effort or activity or agency of a person or thing	it is not regarded as one of his more memorable works.  the symphony was hailed as an ingenious work.  he was indebted to the pioneering work of John Dewey.  the work of an active imagination.  erosion is the work of wind or water over time.	work%1:06:00::	work#2 (work%1:06:00::), piece of work#1 (piece_of_work%1:06:00::)
work-n	3	the occupation for which you are paid	he is looking for employment.  a lot of people are out of work.	work%1:04:01::	employment#2 (employment%1:04:00::), work#3 (work%1:04:01::)
work-n	4	applying the mind to learning and understanding a subject (especially by reading)	mastering a second language requires a lot of work.  no schools offer graduate study in interior design.	work%1:09:00::	study#2 (study%1:09:03::), work#4 (work%1:09:00::)
work-n	5	(physics) a manifestation of energy; the transfer of energy from one physical system to another expressed as the product of a force and the distance through which it moves a body in the direction of that force	work equals force times distance.	work%1:19:00::	work#5 (work%1:19:00::)
work-n	6	a place where work is done	he arrived at work early today.	work%1:06:01::	workplace#1 (workplace%1:06:00::), work#6 (work%1:06:01::)
work-n	7	the total output of a writer or artist (or a substantial part of it)	he studied the entire Wagnerian oeuvre.  Picasso's work can be divided into periods.	work%1:06:02::	oeuvre#1 (oeuvre%1:06:00::), work#7 (work%1:06:02::), body of work#1 (body_of_work%1:06:00::)
